Fabric,ProductName,POLYESTER,NYLON,POLYURETHANE,RAYON,POLYPROPYLENE,MODAL,POLYETHYLENE,COTTON,PTT,CUPRA,ACETATE,CORDURA,SILK,SPNDEX,Weight,Thick,LastStretchLength,LastStretchForce
WOVEN,Shan-680RE,0,100,0,0,0,0,0,0,0,0,0,0,0,0,5.657,0.18,30.0,0.147
WOVEN,528128,100,0,0,0,0,0,0,0,0,0,0,0,0,0,6.313,0.12,30.0,0.45
WOVEN,COSE-AJ-0153,0,100,0,0,0,0,0,0,0,0,0,0,0,0,7.071,0.23,30.0,1.34
WOVEN,678059,34,66,0,0,0,0,0,0,0,0,0,0,0,0,7.727,0.15,30.0,0.71
WOVEN,COTTY-0728WD,0,100,0,0,0,0,0,0,0,0,0,0,0,0,8.889,0.25,28.0,2.05
WOVEN,FINA-PS131BS,0,100,0,0,0,0,0,0,0,0,0,0,0,0,8.99,0.23,30.0,1.56
WOVEN,678171,0,100,0,0,0,0,0,0,0,0,0,0,0,0,8.737,0.21,30.0,1.606
WOVEN,AD-1131 QW,23,23,0,0,0,0,0,54,0,0,0,0,0,0,12.879,0.28,30.0,1.263
WOVEN,TPR-1134,100,0,0,0,0,0,0,0,0,0,0,0,0,0,13.131,0.25,30.0,1.33
WOVEN,EL FRESH SOFT PL,100,0,0,0,0,0,0,0,0,0,0,0,0,0,13.182,0.36,30.0,0.2
WOVEN,AE-5539 UBO,0,39,0,0,0,0,0,61,0,0,0,0,0,0,19.091,0.39,30.0,0.75
WOVEN,ZENI-54S,100,0,0,0,0,0,0,0,0,0,0,0,0,0,20.707,0.34,30.0,1.28
WOVEN,MISTY-CY-0137,36,0,4,60,0,0,0,0,0,0,0,0,0,0,23.586,0.44,30.0,0.107
WOVEN,AG-3301,62,0,3,0,0,0,0,35,0,0,0,0,0,0,24.091,0.43,30.0,0.85
WOVEN,COTTY-AJ-0157FA,0,100,0,0,0,0,0,0,0,0,0,0,0,0,25.354,0.54,30.0,2.05
WOVEN,#9110 UTD,0,100,0,0,0,0,0,0,0,0,0,0,0,0,25.505,0.44,27.0,2.05
WOVEN,D0766,0,23,3,0,0,0,0,0,0,0,74,0,0,0,22.929,0.47,50.0,0.257
WOVEN,TD0029,40,0,0,0,0,0,0,0,0,0,60,0,0,0,33.283,0.84,50.0,0.204
WOVEN,D0807,40,0,0,0,0,0,0,0,0,0,60,0,0,0,26.97,0.69,40.0,0.168
WOVEN,SFT-WKL-001-024,0,100,0,0,0,0,0,0,0,0,0,0,0,0,4.04,0.09,25.0,0.984
WOVEN,578227,33,0,0,0,0,0,0,0,0,0,67,0,0,0,34.798,0.74,60.0,1.78
WOVEN,KKB-1130HZ,59,41,0,0,0,0,0,0,0,0,0,0,0,0,4.495,0.06,30.0,0.18
WOVEN,SJ-1056,0,0,3,0,0,0,0,48,0,49,0,0,0,0,14.444,0.33,30.0,0.107
WOVEN,GG093PGBW,48,12,0,0,0,0,0,40,0,0,0,0,0,0,16.364,0.33,30.0,1.77
WOVEN,J-C4016,57,14,0,0,0,0,0,29,0,0,0,0,0,0,20.455,0.4,30.0,1.4
WOVEN,S-C3018,86,0,0,0,0,0,0,14,0,0,0,0,0,0,17.222,0.35,30.0,1.75
WOVEN,KP-218KP(XP),0,100,0,0,0,0,0,0,0,0,0,0,0,0,3.737,0.07,30.0,0.191
WOVEN,PAPI-7604XP,0,100,0,0,0,0,0,0,0,0,0,0,0,0,3.889,0.08,30.0,0.56
WOVEN,ATTIVO-703,0,100,0,0,0,0,0,0,0,0,0,0,0,0,5.152,0.07,30.0,0.66
WOVEN,CREAMS,0,21,3,0,0,0,0,76,0,0,0,0,0,0,9.293,0.23,30.0,0.281
WOVEN,F/W 4097A,55,0,0,0,0,0,0,0,0,0,0,0,45,0,8.333,0.22,30.0,0.86
WOVEN,SD84373(SD),95,0,5,0,0,0,0,0,0,0,0,0,0,0,31.01,0.86,95.0,2.054
WOVEN,ST12363B,0,86,14,0,0,0,0,0,0,0,0,0,0,0,25.152,0.55,30.0,0.31
WOVEN,BPT-427HZ,100,0,0,0,0,0,0,0,0,0,0,0,0,0,12.879,0.24,30.0,1.51
WOVEN,BPT-846,83,17,0,0,0,0,0,0,0,0,0,0,0,0,12.727,0.23,25.0,2.05
WOVEN,BBS-033,100,0,0,0,0,0,0,0,0,0,0,0,0,0,15.808,0.26,22.0,2.05
WOVEN,YCN317-42,0,25,0,0,0,0,0,75,0,0,0,0,0,0,17.879,0.36,30.0,2.05
WOVEN,YNC202-2(A/W),0,36,0,0,0,0,0,64,0,0,0,0,0,0,15.707,0.34,30.0,0.74
WOVEN,YC606-32,0,0,0,0,0,0,0,100,0,0,0,0,0,0,18.333,0.44,30.0,0.575
WOVEN,SP14016,0,52,5,0,0,0,0,43,0,0,0,0,0,0,13.687,0.36,30.0,0.245
WOVEN,F/W 4072,0,0,0,0,0,0,0,0,0,0,0,0,100,0,7.576,0.21,30.0,0.19
WOVEN,프랑스 장미 자카드,84,0,0,0,0,0,0,0,0,0,0,0,16,0,16.212,0.51,30.0,0.12
KNIT,J17-0880,36,0,0,0,0,0,0,64,0,0,0,0,0,0,24.798,1.14,120.0,0.706
KNIT,SLUB DOUBLE PIQUE,0,0,0,0,0,0,0,100,0,0,0,0,0,0,23.333,1.07,100.0,0.49
KNIT,CP-177060R-3,25,0,0,0,0,0,0,75,0,0,0,0,0,0,27.273,1.06,100.0,1.72
KNIT,GAIN-1565,0,0,18,0,0,0,0,82,0,0,0,0,0,0,32.828,1.23,89.0,2.05
KNIT,16050C,94,0,6,0,0,0,0,0,0,0,0,0,0,0,30.758,0.88,100.0,0.38
KNIT,BACK TWIST F/TERRY,0,0,0,0,0,0,0,100,0,0,0,0,0,0,37.424,1.57,100.0,1.43
KNIT,MF-FD288,95,0,5,0,0,0,0,0,0,0,0,0,0,0,29.192,1.29,100.0,0.321
KNIT,SP-M027A BRUSHED,0,78,22,0,0,0,0,0,0,0,0,0,0,0,29.697,0.91,100.0,1.1
KNIT,STNT18(SJ-60232),100,0,0,0,0,0,0,0,0,0,0,0,0,0,10,0.35,65.0,2.05
KNIT,FPR-1118,100,0,0,0,0,0,0,0,0,0,0,0,0,0,23.434,0.58,97.0,2.05
KNIT,#180967,100,0,0,0,0,0,0,0,0,0,0,0,0,0,26.717,0.77,74.0,2.05
KNIT,REO2 910#BK99+P,46,0,54,0,0,0,0,0,0,0,0,0,0,0,22.02,0.55,100.0,0.82
KNIT,REO287#NV01,47,0,53,0,0,0,0,0,0,0,0,0,0,0,26.616,0.66,100.0,1.54
KNIT,RSE729#BK99,52,0,48,0,0,0,0,0,0,0,0,0,0,0,28.687,0.67,100.0,1.23
KNIT,DRS28(B) 618#PP01+W,80,0,20,0,0,0,0,0,0,0,0,0,0,0,26.313,0.69,52.0,2.05
KNIT,KCF-1127,100,0,0,0,0,0,0,0,0,0,0,0,0,0,26.616,1.49,100.0,1.26
KNIT,KCF-2067 ST,96,0,4,0,0,0,0,0,0,0,0,0,0,0,31.717,1.55,100.0,0.44
KNIT,KCF-16-008,95,0,5,0,0,0,0,0,0,0,0,0,0,0,29.444,1.1,100.0,0.22
KNIT,KCF-16-123,94,0,6,0,0,0,0,0,0,0,0,0,0,0,23.99,1.31,100.0,0.421
WOVEN,SN-115C6AWSC0,0,100,0,0,0,0,0,0,0,0,0,0,0,0,3.434,0.07,30.0,0.374
WOVEN,#1623 TPS A/WS,0,100,0,0,0,0,0,0,0,0,0,0,0,0,4.091,0.07,30.0,0.53
WOVEN,#1003 WR,0,100,0,0,0,0,0,0,0,0,0,0,0,0,3.384,0.13,50.0,1.3
WOVEN,#1623 HW,0,100,0,0,0,0,0,0,0,0,0,0,0,0,4.949,0.11,30.0,0.9
WOVEN,#1032 C2L,0,82,18,0,0,0,0,0,0,0,0,0,0,0,10.101,0.22,30.0,0.86
WOVEN,#1840 DP,0,82,18,0,0,0,0,0,0,0,0,0,0,0,9.343,0.24,30.0,0.34
WOVEN,#1826 WR,0,82,18,0,0,0,0,0,0,0,0,0,0,0,10.202,0.27,30.0,0.296
WOVEN,#1834,0,81,19,0,0,0,0,0,0,0,0,0,0,0,12.374,0.35,30.0,0.222
WOVEN,#1711 WR,0,88,12,0,0,0,0,0,0,0,0,0,0,0,12.323,0.32,30.0,0.124
WOVEN,#1750,0,90,10,0,0,0,0,0,0,0,0,0,0,0,12.929,0.38,30.0,0.214
WOVEN,SMV-112,0,0,0,0,0,0,0,50,0,0,0,50,0,0,13.939,0.33,30.0,0.855
WOVEN,MQ36-SH,100,0,0,0,0,0,0,0,0,0,0,0,0,0,15.253,0.3,30.0,0.58
WOVEN,#1752 PD WR,0,86,14,0,0,0,0,0,0,0,0,0,0,0,17.222,0.36,30.0,0.296
WOVEN,YE223,0,37,0,0,0,0,0,63,0,0,0,0,0,0,17.172,0.37,30.0,1.0
WOVEN,SM-1615,100,0,0,0,0,0,0,0,0,0,0,0,0,0,18.03,0.34,30.0,1.22
WOVEN,#YPS-15077,0,35,0,0,0,0,0,65,0,0,0,0,0,0,10.253,0.24,30.0,1.22
WOVEN,H2O-P356R,100,0,0,0,0,0,0,0,0,0,0,0,0,0,15.101,0.28,30.0,1.15
WOVEN,H2O-XN560,0,89,11,0,0,0,0,0,0,0,0,0,0,0,11.717,0.28,30.0,0.68
WOVEN,SINNA 202,100,0,0,0,0,0,0,0,0,0,0,0,0,0,4.848,0.1,30.0,0.12
WOVEN,JQ 0600,100,0,0,0,0,0,0,0,0,0,0,0,0,0,6.414,0.13,30.0,0.181
WOVEN,JQ 9090,100,0,0,0,0,0,0,0,0,0,0,0,0,0,9.04,0.2,30.0,0.137
WOVEN,JQ 3800 LIGHT,0,0,0,0,0,0,0,0,0,0,100,0,0,0,7.273,0.17,30.0,0.093
WOVEN,ACEP 2700,49,0,0,0,0,0,0,0,0,0,51,0,0,0,7.879,0.16,50.0,0.94
WOVEN,JQ 2600,49,0,0,0,0,0,0,0,0,0,51,0,0,0,8.485,0.18,30.0,0.386
WOVEN,SD13123,0,92,8,0,0,0,0,0,0,0,0,0,0,0,23.081,0.6,30.0,0.266
KNIT,TI-7113,96,0,4,0,0,0,0,0,0,0,0,0,0,0,11.364,0.53,100.0,0.22
KNIT,AS-505,28,0,6,46,0,0,0,20,0,0,0,0,0,0,14.949,0.46,100.0,0.27
KNIT,FD-4128,0,80,20,0,0,0,0,0,0,0,0,0,0,0,20.455,0.55,100.0,0.45
KNIT,TN128,95,0,5,0,0,0,0,0,0,0,0,0,0,0,20.505,0.56,100.0,0.32
KNIT,AK-2133 (L),82,0,18,0,0,0,0,0,0,0,0,0,0,0,22.222,0.54,100.0,0.34
KNIT,DT-2135,74,0,26,0,0,0,0,0,0,0,0,0,0,0,23.586,0.61,100.0,0.4
KNIT,TN513,95,0,5,0,0,0,0,0,0,0,0,0,0,0,25.606,0.68,100.0,0.2
KNIT,TN246-2,95,0,5,0,0,0,0,0,0,0,0,0,0,0,30.404,0.77,100.0,0.12
KNIT,NY ATY SP70,0,85,15,0,0,0,0,0,0,0,0,0,0,0,32.576,0.8,100.0,0.25
KNIT,TN239-4,90,0,10,0,0,0,0,0,0,0,0,0,0,0,29.343,0.63,100.0,0.39
KNIT,14123A,85,0,15,0,0,0,0,0,0,0,0,0,0,0,31.061,0.78,100.0,0.17
KNIT,SP-8075P,89,0,11,0,0,0,0,0,0,0,0,0,0,0,14.394,0.51,100.0,0.11
KNIT,SP-7193P,92,0,8,0,0,0,0,0,0,0,0,0,0,0,17.626,0.57,100.0,0.37
KNIT,SPH-180NP,62,25,13,0,0,0,0,0,0,0,0,0,0,0,9.949,0.36,120.0,0.115
KNIT,SPH-330P,89,0,11,0,0,0,0,0,0,0,0,0,0,0,14.495,0.39,100.0,0.21
KNIT,SJD-427P,95,0,5,0,0,0,0,0,0,0,0,0,0,0,22.222,0.73,100.0,0.13
KNIT,SJQ-1203P-F,91,0,9,0,0,0,0,0,0,0,0,0,0,0,13.99,0.57,100.0,0.11
KNIT,TEX-6709,0,0,10,0,0,50,0,40,0,0,0,0,0,0,18.081,0.66,100.0,0.15
KNIT,OP-4036NP,53,35,12,0,0,0,0,0,0,0,0,0,0,0,16.263,0.47,100.0,0.14
KNIT,OP-4017N,0,60,40,0,0,0,0,0,0,0,0,0,0,0,16.313,0.44,100.0,0.32
KNIT,DNT-4034,0,76,24,0,0,0,0,0,0,0,0,0,0,0,16.616,0.4,100.0,0.54
KNIT,DNNT-6545,0,71,29,0,0,0,0,0,0,0,0,0,0,0,20.253,0.43,100.0,0.59
KNIT,TEX-7067,0,0,3,0,0,97,0,0,0,0,0,0,0,0,25.404,0.81,120.0,0.118
KNIT,KIRA-110,0,80,20,0,0,0,0,0,0,0,0,0,0,0,20.455,0.59,100.0,0.32
KNIT,12F115,0,61,39,0,0,0,0,0,0,0,0,0,0,0,24.747,0.67,100.0,0.44
KNIT,12F179A,0,81,19,0,0,0,0,0,0,0,0,0,0,0,19.798,0.65,100.0,0.27
KNIT,SP-8075P,89,0,11,0,0,0,0,0,0,0,0,0,0,0,13.99,0.5,100.0,0.12
KNIT,SP-7157P,91,0,9,0,0,0,0,0,0,0,0,0,0,0,21.111,0.67,100.0,0.12
KNIT,SMKW-5084-105,52,0,0,0,0,0,0,0,48,0,0,0,0,0,22.071,0.66,100.0,1.28
KNIT,DNT-6645,0,75,25,0,0,0,0,0,0,0,0,0,0,0,16.919,0.41,100.0,0.66
KNIT,SMKW-5084-108,52,0,0,0,0,0,0,0,48,0,0,0,0,0,21.465,0.53,100.0,0.58
WOVEN,SI-4651/T,30,0,0,0,0,0,0,70,0,0,0,0,0,0,10.505,0.26,30.0,0.113
WOVEN,SFT-WLL-010-009,0,0,0,0,0,0,0,100,0,0,0,0,0,0,9.697,0.34,50.0,0.27
WOVEN,V4062-1,28,0,0,0,0,72,0,0,0,0,0,0,0,0,10.96,0.29,30.0,0.246
WOVEN,오가닉 60수 솔리드,0,0,0,0,0,0,0,100,0,0,0,0,0,0,6.919,0.24,30.0,0.25
WOVEN,SFT-WKG-009-008,0,0,0,0,0,0,0,100,0,0,0,0,0,0,10.253,0.22,30.0,0.525
WOVEN,JWPS226,100,0,0,0,0,0,0,0,0,0,0,0,0,0,8.384,0.26,55.0,2.05
WOVEN,BPTS-PE14184P,100,0,0,0,0,0,0,0,0,0,0,0,0,0,11.162,0.35,60.0,0.43
WOVEN,SJ-732,0,0,0,0,0,0,0,0,0,100,0,0,0,0,9.343,0.21,35.0,2.05
WOVEN,BPTS-PN12094,30,0,0,0,0,70,0,0,0,0,0,0,0,0,14.848,0.41,60.0,0.71
WOVEN,HN 2704 W/S,100,0,0,0,0,0,0,0,0,0,0,0,0,0,12.222,0.33,60.0,1.24
WOVEN,TD 0172,24,0,0,0,0,0,0,0,0,0,76,0,0,0,15.657,0.47,60.0,0.48
WOVEN,NOBLE 1048 DS PRINT 2,100,0,0,0,0,0,0,0,0,0,0,0,0,0,19.949,0.48,30.0,0.368
WOVEN,578077,29,0,0,0,0,0,0,0,0,0,71,0,0,0,21.01,0.6,60.0,0.225
WOVEN,TD0243,35,0,0,0,0,0,0,0,0,0,65,0,0,0,20.101,0.56,60.0,0.27
WOVEN,578033,21,0,0,0,0,0,0,0,0,0,79,0,0,0,22.323,0.59,60.0,0.41
WOVEN,TMK5500,100,0,0,0,0,0,0,0,0,0,0,0,0,0,24.444,0.64,40.0,0.204
WOVEN,150310-2,0,0,0,0,0,80,0,0,0,0,0,0,20,0,5.758,0.21,60.0,0.351
WOVEN,DSS-07,38,0,0,0,0,0,0,62,0,0,0,0,0,0,7.576,0.37,50.0,0.3
WOVEN,D0770,22,0,0,0,0,0,0,0,0,0,78,0,0,0,28.737,0.65,50.0,0.306
WOVEN,577390,24,0,0,0,0,0,0,0,0,0,76,0,0,0,23.737,0.56,50.0,0.347
KNIT,DN-J03568-SR02,65,0,0,35,0,0,0,0,0,0,0,0,0,0,12.071,0.45,100.0,1.8
KNIT,DN-J03551-SD01,51,0,0,0,0,0,0,49,0,0,0,0,0,0,17.879,0.63,100.0,0.448
KNIT,DP-J52015-SD30,62,0,4,34,0,0,0,0,0,0,0,0,0,0,18.788,0.56,100.0,0.64
KNIT,DN-J03841-SD01,45,0,0,55,0,0,0,0,0,0,0,0,0,0,14.747,0.49,100.0,0.28
KNIT,DN-T50122-SD30,53,0,3,6,0,0,0,38,0,0,0,0,0,0,22.98,0.99,120.0,0.16
KNIT,DP-J02010-SD01,0,0,42,58,0,0,0,0,0,0,0,0,0,0,16.061,0.46,100.0,0.392
KNIT,DN-T50020-SD30,38,0,4,0,0,0,0,58,0,0,0,0,0,0,19.697,0.96,120.0,0.15
KNIT,J18-0933,36,0,0,0,0,0,0,64,0,0,0,0,0,0,16.869,0.84,120.0,0.046
KNIT,DN-J03590-SR01,45,0,0,55,0,0,0,0,0,0,0,0,0,0,17.172,0.71,120.0,0.252
KNIT,SST-S1981,73,0,4,23,0,0,0,0,0,0,0,0,0,0,23.687,0.64,100.0,0.172
KNIT,DN-J03570-SR01,42,0,0,58,0,0,0,0,0,0,0,0,0,0,17.273,0.5,100.0,0.07
KNIT,SST-S1202,0,0,0,0,0,0,0,100,0,0,0,0,0,0,14.545,0.55,100.0,0.414
KNIT,TEX-6060,0,0,0,0,0,0,0,100,0,0,0,0,0,0,23.384,0.81,100.0,1.81
KNIT,DN-J01150-SD04,12,12,0,76,0,0,0,0,0,0,0,0,0,0,16.313,0.49,100.0,0.8
KNIT,DN-J03488-SD04,31,0,0,69,0,0,0,0,0,0,0,0,0,0,12.424,0.49,100.0,0.21
KNIT,SST-S652-2,0,0,0,0,0,40,0,60,0,0,0,0,0,0,13.838,0.51,120.0,0.146
KNIT,J18-0915,43,0,0,0,0,57,0,0,0,0,0,0,0,0,16.919,0.54,100.0,0.223
KNIT,JY-O-SD869,0,0,5,0,0,95,0,0,0,0,0,0,0,0,20.707,0.7,120.0,0.063
KNIT,CP-177087P-3,26,0,4,0,0,0,0,70,0,0,0,0,0,0,21.768,0.75,100.0,0.52
KNIT,DN-J03805-SB01,40,0,0,0,0,0,0,60,0,0,0,0,0,0,15.354,0.57,120.0,0.075
KNIT,SLUB TEXTURED JERSEY,77,0,4,19,0,0,0,0,0,0,0,0,0,0,24.343,0.85,120.0,0.114
KNIT,DN-T50121-SR30,0,0,4,0,0,0,0,96,0,0,0,0,0,0,27.929,1.25,100.0,0.132
KNIT,SST-S3494,0,30,5,65,0,0,0,0,0,0,0,0,0,0,26.566,0.74,100.0,0.422
KNIT,JY-O-KW216,0,0,5,0,0,95,0,0,0,0,0,0,0,0,14.091,0.5,120.0,0.143
KNIT,BPTS-PN17091,0,0,35,0,0,65,0,0,0,0,0,0,0,0,16.212,0.67,100.0,0.38
KNIT,BPTS-8279,0,0,36,0,0,64,0,0,0,0,0,0,0,0,18.889,0.65,100.0,0.86
KNIT,DN-J51182-SR30,0,0,5,66,0,0,0,29,0,0,0,0,0,0,23.838,0.91,120.0,0.086
KNIT,DN-J03803-SD02,36,0,0,8,0,0,0,56,0,0,0,0,0,0,20,0.71,120.0,0.15
KNIT,TEX-7086,29,0,3,0,0,68,0,0,0,0,0,0,0,0,28.586,0.86,120.0,0.14
KNIT,DN-J03815-SR01,67,0,0,33,0,0,0,0,0,0,0,0,0,0,25.101,0.94,120.0,0.312
WOVEN,SI-6532EMBO,100,0,0,0,0,0,0,0,0,0,0,0,0,0,5.96,0.2,60.0,0.93
WOVEN,GTMS-069,100,0,0,0,0,0,0,0,0,0,0,0,0,0,3.788,0.32,50.0,0.428
WOVEN,68361,100,0,0,0,0,0,0,0,0,0,0,0,0,0,12.071,0.39,70.0,1.712
WOVEN,68SHP,100,0,0,0,0,0,0,0,0,0,0,0,0,0,12.727,0.4,60.0,2.05
WOVEN,68ND,100,0,0,0,0,0,0,0,0,0,0,0,0,0,11.667,0.38,60.0,1.48
WOVEN,6899,100,0,0,0,0,0,0,0,0,0,0,0,0,0,14.444,0.42,60.0,0.252
WOVEN,SKD-044,100,0,0,0,0,0,0,0,0,0,0,0,0,0,18.838,0.44,60.0,1.15
WOVEN,68364,100,0,0,0,0,0,0,0,0,0,0,0,0,0,12.475,0.41,70.0,0.821
WOVEN,68AMEERA,100,0,0,0,0,0,0,0,0,0,0,0,0,0,15.051,0.41,51.5,2.05
WOVEN,68LTN,100,0,0,0,0,0,0,0,0,0,0,0,0,0,16.818,0.49,60.0,1.521
WOVEN,68ELNAS RENEWAL,100,0,0,0,0,0,0,0,0,0,0,0,0,0,13.485,0.43,60.0,0.78
WOVEN,THR-0021Z,55,45,0,0,0,0,0,0,0,0,0,0,0,0,10.101,0.55,30.0,0.7
WOVEN,THR-0003S,100,0,0,0,0,0,0,0,0,0,0,0,0,0,12.525,0.38,60.0,0.42
WOVEN,SPRB5511,96,0,4,0,0,0,0,0,0,0,0,0,0,0,19.545,0.53,50.0,0.183
WOVEN,R0997,0,21,3,0,0,0,0,0,0,0,76,0,0,0,19.091,0.29,30.0,0.125
WOVEN,수직실크,0,0,0,0,0,0,0,0,0,0,0,0,100,0,9.697,0.27,30.0,0.382
KNIT,CP-150A,100,0,0,0,0,0,0,0,0,0,0,0,0,0,16.515,0.73,120.0,0.837
KNIT,LUC-4,95,0,5,0,0,0,0,0,0,0,0,0,0,0,17.424,0.56,120.0,0.144
KNIT,SFT-KMY-044P-018,95,0,5,0,0,0,0,0,0,0,0,0,0,0,20.606,0.48,100.0,0.18
KNIT,SJ-96667 TURQ,93,0,7,0,0,0,0,0,0,0,0,0,0,0,18.687,0.44,100.0,0.41
KNIT,JERS53(SJ-98118),94,0,6,0,0,0,0,0,0,0,0,0,0,0,16.212,0.37,120.0,0.157
KNIT,D-8100,100,0,0,0,0,0,0,0,0,0,0,0,0,0,14.596,0.59,120.0,0.341
KNIT,LUC-2,100,0,0,0,0,0,0,0,0,0,0,0,0,0,17.828,0.57,120.0,0.176
KNIT,S-304,100,0,0,0,0,0,0,0,0,0,0,0,0,0,19.04,0.65,65.5,2.05
KNIT,H180239,67,24,9,0,0,0,0,0,0,0,0,0,0,0,17.374,0.52,120.0,0.274
WOVEN,CYSFJ-079,91,0,9,0,0,0,0,0,0,0,0,0,0,0,15.051,0.39,50.0,0.801
WOVEN,CYSLS-1026,0,77,23,0,0,0,0,0,0,0,0,0,0,0,25.455,0.61,50.0,0.296
WOVEN,CYSSC-3111,97,0,3,0,0,0,0,0,0,0,0,0,0,0,34.646,0.89,50.0,0.418
WOVEN,CYSZD-0341_b,97,0,3,0,0,0,0,0,0,0,0,0,0,0,16.212,0.44,50.0,0.448
WOVEN,CYSZD-0465,0,0,3,0,0,0,0,97,0,0,0,0,0,0,18.687,0.6,50.0,0.418
WOVEN,CYSLJ-1101,0,0,3,0,0,0,0,97,0,0,0,0,0,0,25.455,0.53,50.0,0.825
WOVEN,CYSLJ-1086_g,0,0,3,0,0,0,0,97,0,0,0,0,0,0,16.667,0.36,50.0,0.872
WOVEN,CYSLJ-0153,0,0,3,0,0,0,0,97,0,0,0,0,0,0,21.97,0.42,50.0,1.423
WOVEN,CYSLJ-1086_b,15,77,8,0,0,0,0,0,0,0,0,0,0,0,14.444,0.33,50.0,0.605
WOVEN,CYSFY-190018,0,100,0,0,0,0,0,0,0,0,0,0,0,0,25.909,0.95,50.0,0.556
WOVEN,CYS09,0,96,4,0,0,0,0,0,0,0,0,0,0,0,7.929,0.2,33.0,2.04
WOVEN,CYS25,0,100,0,0,0,0,0,0,0,0,0,0,0,0,18.283,0.48,50.0,0.253
WOVEN,CYS30,32,0,0,0,0,0,0,68,0,0,0,0,0,0,12.475,0.28,33.0,2.04
WOVEN,3,35,0,0,0,0,0,0,65,0,0,0,0,0,0,16.414,0.34,50.0,1.63
WOVEN,5,0,54,0,0,0,0,0,46,0,0,0,0,0,0,18.232,0.49,50.0,0.6
WOVEN,6,100,0,0,0,0,0,0,0,0,0,0,0,0,0,11.566,0.27,36.0,2.04
WOVEN,8,36,0,0,0,0,0,0,64,0,0,0,0,0,0,16.465,0.36,29.0,2.04
WOVEN,10,100,0,0,0,0,0,0,0,0,0,0,0,0,0,19.04,0.41,50.0,1.003
WOVEN,13,0,57,10,0,0,0,0,33,0,0,0,0,0,0,17.879,0.38,50.0,1.224
WOVEN,15,0,100,0,0,0,0,0,0,0,0,0,0,0,0,21.465,0.64,50.0,0.246
WOVEN,16,40,10,11,0,0,0,0,39,0,0,0,0,0,0,11.061,0.26,22.0,2.04
WOVEN,19,0,76,0,0,0,0,0,24,0,0,0,0,0,0,20.354,0.4,50.0,1.568
WOVEN,29,0,39,0,0,0,0,0,61,0,0,0,0,0,0,24.04,0.5,39.0,2.04
WOVEN,30,0,66,0,0,0,0,0,34,0,0,0,0,0,0,13.939,0.33,45.0,2.04
WOVEN,31,0,58,0,0,0,0,0,42,0,0,0,0,0,0,25.152,0.53,26.5,2.04
WOVEN,32,0,37,0,0,0,0,0,63,0,0,0,0,0,0,11.869,0.29,31.0,2.04
WOVEN,33,0,45,0,0,0,0,0,55,0,0,0,0,0,0,13.687,0.31,42.5,2.04
WOVEN,34,0,55,0,0,0,0,0,45,0,0,0,0,0,0,12.778,0.34,45.5,2.04
WOVEN,35,0,55,0,0,0,0,0,45,0,0,0,0,0,0,11.212,0.27,45.5,2.04
WOVEN,36,0,60,0,0,0,0,0,40,0,0,0,0,0,0,11.667,0.29,38.5,2.04
WOVEN,50,33,8,0,0,0,0,0,59,0,0,0,0,0,0,12.222,0.3,24.5,2.04
WOVEN,57,60,10,5,0,0,0,0,25,0,0,0,0,0,0,15.202,0.35,30.5,2.04
WOVEN,58,38,10,0,0,0,0,0,52,0,0,0,0,0,0,20.354,0.43,50.0,1.169
WOVEN,60,39,16,0,0,0,0,0,45,0,0,0,0,0,0,23.081,0.43,35.0,2.04
WOVEN,61,25,6,0,0,0,0,0,69,0,0,0,0,0,0,18.131,0.4,30.5,2.04
WOVEN,64,43,18,0,0,0,0,0,39,0,0,0,0,0,0,18.03,0.38,27.0,2.04
WOVEN,65,0,25,0,0,0,0,0,75,0,0,0,0,0,0,15.606,0.33,30.5,2.04
WOVEN,67,0,29,3,0,0,0,0,68,0,0,0,0,0,0,17.424,0.4,31.5,2.04
WOVEN,71,0,34,0,0,0,0,0,66,0,0,0,0,0,0,22.677,0.47,50.0,0.908
WOVEN,73,0,32,4,0,0,0,0,64,0,0,0,0,0,0,13.838,0.33,31.0,2.04
WOVEN,74,32,0,0,0,0,0,0,68,0,0,0,0,0,0,19.848,0.44,50.0,0.668
WOVEN,78,0,0,0,34,0,0,0,66,0,0,0,0,0,0,11.465,0.25,27.0,2.04
WOVEN,80,51,26,0,0,0,0,0,23,0,0,0,0,0,0,15.808,0.35,31.5,2.04
WOVEN,87,0,88,12,0,0,0,0,0,0,0,0,0,0,0,28.283,0.62,35.5,2.04
WOVEN,89,100,0,0,0,0,0,0,0,0,0,0,0,0,0,17.626,0.54,50.0,0.931
WOVEN,96,100,0,0,0,0,0,0,0,0,0,0,0,0,0,11.818,0.24,35.0,2.04
WOVEN,97,70,30,0,0,0,0,0,0,0,0,0,0,0,0,17.576,0.35,30.5,2.04
WOVEN,98,0,30,0,0,0,0,0,70,0,0,0,0,0,0,14.343,0.36,24.5,2.04
WOVEN,99,52,0,0,0,0,0,0,48,0,0,0,0,0,0,17.273,0.34,33.0,2.04
WOVEN,105,42,0,0,0,0,0,0,58,0,0,0,0,0,0,14.949,0.33,32.5,2.04
WOVEN,107,42,0,0,0,0,0,0,58,0,0,0,0,0,0,18.283,0.38,37.0,2.04
WOVEN,CYSLJ-0108,0,32,4,0,0,0,0,64,0,0,0,0,0,0,16.818,0.37,50.0,1.32
WOVEN,CYS02,0,100,0,0,0,0,0,0,0,0,0,0,0,0,4.242,0.06,50.0,1.963
WOVEN,CYS03,0,100,0,0,0,0,0,0,0,0,0,0,0,0,3.889,0.08,42.0,2.04
WOVEN,CYS04,0,100,0,0,0,0,0,0,0,0,0,0,0,0,5.303,0.12,50.0,1.673
WOVEN,CYS11,100,0,0,0,0,0,0,0,0,0,0,0,0,0,7.02,0.13,42.5,2.04
WOVEN,CYS12,0,100,0,0,0,0,0,0,0,0,0,0,0,0,5.202,0.09,43.0,2.04
WOVEN,CYS13,0,100,0,0,0,0,0,0,0,0,0,0,0,0,5.758,0.08,48.5,2.04
WOVEN,CYS14,0,100,0,0,0,0,0,0,0,0,0,0,0,0,5,0.1,43.0,2.03
WOVEN,CYS15,0,100,0,0,0,0,0,0,0,0,0,0,0,0,7.576,0.11,50.0,1.613
WOVEN,CYS17,0,100,0,0,0,0,0,0,0,0,0,0,0,0,8.838,0.19,50.0,0.9
WOVEN,CYS18,100,0,0,0,0,0,0,0,0,0,0,0,0,0,7.374,0.19,50.0,1.978
WOVEN,CYS19,100,0,0,0,0,0,0,0,0,0,0,0,0,0,10.303,0.17,50.0,1.378
WOVEN,CYS21,100,0,0,0,0,0,0,0,0,0,0,0,0,0,13.283,0.32,50.0,0.979
WOVEN,CYS22,100,0,0,0,0,0,0,0,0,0,0,0,0,0,11.465,0.22,47.0,2.04
WOVEN,CYS23,100,0,0,0,0,0,0,0,0,0,0,0,0,0,14.646,0.32,50.0,1.646
WOVEN,CYS24,100,0,0,0,0,0,0,0,0,0,0,0,0,0,13.182,0.18,35.0,2.04
WOVEN,CYS26,100,0,0,0,0,0,0,0,0,0,0,0,0,0,13.434,0.47,50.0,0.502
WOVEN,CYS27,100,0,0,0,0,0,0,0,0,0,0,0,0,0,11.566,0.3,50.0,1.136
WOVEN,CYS28,100,0,0,0,0,0,0,0,0,0,0,0,0,0,13.889,0.36,42.0,2.04
WOVEN,CYS29,100,0,0,0,0,0,0,0,0,0,0,0,0,0,11.919,0.23,35.0,2.04
WOVEN,12,100,0,0,0,0,0,0,0,0,0,0,0,0,0,15,0.31,50.0,0.636
WOVEN,88,0,50,0,0,0,0,0,50,0,0,0,0,0,0,8.889,0.23,45.0,2.04
KNIT,GO-488,92,0,8,0,0,0,0,0,0,0,0,0,0,0,14.495,0.48,140.0,0.337
KNIT,GO-577P,92,0,8,0,0,0,0,0,0,0,0,0,0,0,16.263,0.47,140.0,0.746
KNIT,GO-663,88,0,12,0,0,0,0,0,0,0,0,0,0,0,14.848,0.45,140.0,0.889
KNIT,GO-698PAT,90,0,10,0,0,0,0,0,0,0,0,0,0,0,11.97,0.43,140.0,0.438
KNIT,GO-1005,92,0,8,0,0,0,0,0,0,0,0,0,0,0,25.101,0.74,138.5,2.04
KNIT,GO-1191,91,0,9,0,0,0,0,0,0,0,0,0,0,0,15.657,0.46,140.0,0.82
KNIT,GO-1202,93,0,7,0,0,0,0,0,0,0,0,0,0,0,26.515,0.66,121.5,2.04
KNIT,GO-1219,92,0,8,0,0,0,0,0,0,0,0,0,0,0,16.717,0.46,140.0,0.351
KNIT,GO-1231-BR2,92,0,8,0,0,0,0,0,0,0,0,0,0,0,21.515,0.73,140.0,0.672
KNIT,GO-1255,92,0,8,0,0,0,0,0,0,0,0,0,0,0,22.879,0.71,134.5,2.04
KNIT,GO-1576,90,0,10,0,0,0,0,0,0,0,0,0,0,0,14.343,0.45,140.0,0.296
KNIT,GO-1630P-V1,95,0,5,0,0,0,0,0,0,0,0,0,0,0,17.727,0.55,128.0,2.04
KNIT,GO-1699,86,0,14,0,0,0,0,0,0,0,0,0,0,0,29.495,0.73,140.0,0.387
KNIT,GO-1715,91,0,9,0,0,0,0,0,0,0,0,0,0,0,24.545,0.63,140.0,0.346
KNIT,GO-1752,89,0,11,0,0,0,0,0,0,0,0,0,0,0,14.495,0.46,139.0,2.04
KNIT,GO-2012,85,0,15,0,0,0,0,0,0,0,0,0,0,0,17.475,0.46,140.0,0.406
KNIT,GO-2073,82,0,18,0,0,0,0,0,0,0,0,0,0,0,18.737,0.45,140.0,0.312
KNIT,GO-2081N,0,78,22,0,0,0,0,0,0,0,0,0,0,0,21.061,0.52,140.0,0.278
KNIT,GO-2124-BR,93,0,7,0,0,0,0,0,0,0,0,0,0,0,15.556,0.47,140.0,0.513
KNIT,GO-2163,92,0,8,0,0,0,0,0,0,0,0,0,0,0,26.515,0.54,160.0,1.187
KNIT,GO-2237,85,0,15,0,0,0,0,0,0,0,0,0,0,0,32.172,0.76,140.0,0.407
KNIT,GO-2244P-CDP,96,0,4,0,0,0,0,0,0,0,0,0,0,0,14.747,0.6,142.0,2.04
KNIT,GO-2263P-CDP,94,0,6,0,0,0,0,0,0,0,0,0,0,0,12.879,0.43,140.0,0.484
KNIT,GO-2322PL,84,0,16,0,0,0,0,0,0,0,0,0,0,0,13.131,0.37,140.0,0.391
WOVEN,CYSYR-007,92,0,8,0,0,0,0,0,0,0,0,0,0,0,18.081,0.38,50.0,0.52
WOVEN,CYSFJ-064,0,93,7,0,0,0,0,0,0,0,0,0,0,0,15.253,0.39,50.0,0.461
WOVEN,CYSFJ-069P,95,0,5,0,0,0,0,0,0,0,0,0,0,0,15.051,0.42,50.0,0.618
WOVEN,CYSFJ-077,95,0,5,0,0,0,0,0,0,0,0,0,0,0,12.273,0.42,50.0,0.15
WOVEN,CYSZD-0300,0,90,10,0,0,0,0,0,0,0,0,0,0,0,13.485,0.44,50.0,0.263
WOVEN,CYSSY-014,100,0,0,0,0,0,0,0,0,0,0,0,0,0,10.101,0.32,50.0,0.338
WOVEN,CYSTG-0647,0,38,4,0,0,0,0,58,0,0,0,0,0,0,14.495,0.31,50.0,0.621
WOVEN,CYSLJ-0107,0,0,3,0,0,0,0,97,0,0,0,0,0,0,14.747,0.29,50.0,0.741
WOVEN,CYS10,0,72,0,0,0,0,0,28,0,0,0,0,0,0,8.939,0.22,27.0,2.04
WOVEN,CYS16,100,0,0,0,0,0,0,0,0,0,0,0,0,0,8.03,0.2,45.0,2.04
WOVEN,1,0,26,0,0,0,0,0,74,0,0,0,0,0,0,8.636,0.21,37.5,2.04
WOVEN,2,0,20,7,0,0,0,0,73,0,0,0,0,0,0,8.283,0.21,50.0,0.804
WOVEN,9,36,0,0,0,0,0,0,64,0,0,0,0,0,0,11.313,0.28,50.0,0.654
WOVEN,11,100,0,0,0,0,0,0,0,0,0,0,0,0,0,14.495,0.34,50.0,0.834
WOVEN,14,0,100,0,0,0,0,0,0,0,0,0,0,0,0,7.424,0.22,48.5,2.04
WOVEN,20,0,100,0,0,0,0,0,0,0,0,0,0,0,0,5.354,0.14,44.0,2.04
WOVEN,38,46,33,0,0,0,0,0,21,0,0,0,0,0,0,8.283,0.24,43.5,2.04
WOVEN,39,0,74,0,0,0,0,0,26,0,0,0,0,0,0,10.96,0.25,26.5,2.04
WOVEN,40,0,54,0,0,0,0,0,46,0,0,0,0,0,0,9.848,0.25,35.5,2.04
WOVEN,41,0,72,0,0,0,0,0,28,0,0,0,0,0,0,9.697,0.25,46.0,2.04
WOVEN,43,0,53,0,0,0,0,0,47,0,0,0,0,0,0,8.939,0.22,50.0,1.598
WOVEN,46,0,52,0,0,0,0,0,48,0,0,0,0,0,0,18.384,0.41,44.0,2.04
WOVEN,52,73,27,0,0,0,0,0,0,0,0,0,0,0,0,12.172,0.3,28.0,2.04
WOVEN,66,0,0,5,0,0,0,0,95,0,0,0,0,0,0,12.071,0.27,50.0,0.841
WOVEN,76,0,36,0,0,0,0,0,64,0,0,0,0,0,0,12.576,0.3,45.0,2.04
WOVEN,86,0,35,0,0,0,0,0,65,0,0,0,0,0,0,8.99,0.24,42.0,2.04
KNIT,GO-90,100,0,0,0,0,0,0,0,0,0,0,0,0,0,19.596,0.77,118.0,2.04
KNIT,GO-0622P,100,0,0,0,0,0,0,0,0,0,0,0,0,0,20.455,0.81,98.0,2.04
KNIT,GO-641,100,0,0,0,0,0,0,0,0,0,0,0,0,0,12.929,0.5,130.5,2.04
KNIT,GO-1622CDP-BR,100,0,0,0,0,0,0,0,0,0,0,0,0,0,22.222,0.83,91.0,2.04
KNIT,GO-1642P-CDP,100,0,0,0,0,0,0,0,0,0,0,0,0,0,26.667,0.91,95.5,2.04
KNIT,GO-1714T/R,71,0,0,29,0,0,0,0,0,0,0,0,0,0,25.101,0.88,102.5,2.04
KNIT,GO-1717,100,0,0,0,0,0,0,0,0,0,0,0,0,0,18.283,0.63,95.5,2.04
KNIT,GO-2097P-CDP,100,0,0,0,0,0,0,0,0,0,0,0,0,0,14.495,0.6,134.0,2.04
KNIT,GO-2201C,79,0,0,0,0,0,0,21,0,0,0,0,0,0,22.323,0.95,125.0,2.04
KNIT,GO-172,100,0,0,0,0,0,0,0,0,0,0,0,0,0,14.293,0.44,140.0,0.466
KNIT,TN-60,100,0,0,0,0,0,0,0,0,0,0,0,0,0,14.596,0.48,105.5,2.04
KNIT,TN-61,100,0,0,0,0,0,0,0,0,0,0,0,0,0,13.232,0.46,91.5,2.04
WOVEN,CYSYR-630-1,0,93,7,0,0,0,0,0,0,0,0,0,0,0,7.929,0.27,50.0,0.369
WOVEN,CYS01,0,100,0,0,0,0,0,0,0,0,0,0,0,0,3.687,0.08,50.0,1.493
WOVEN,CYS05,0,100,0,0,0,0,0,0,0,0,0,0,0,0,4.899,0.1,50.0,1.506
WOVEN,CYS06,0,100,0,0,0,0,0,0,0,0,0,0,0,0,6.566,0.19,35.5,2.04
WOVEN,CYS07,0,100,0,0,0,0,0,0,0,0,0,0,0,0,6.263,0.17,41.5,2.04
WOVEN,CYS08,0,100,0,0,0,0,0,0,0,0,0,0,0,0,7.576,0.19,32.0,2.04
WOVEN,CYS20,90,0,10,0,0,0,0,0,0,0,0,0,0,0,11.97,0.31,50.0,0.443
WOVEN,37,0,77,0,0,0,0,0,23,0,0,0,0,0,0,8.131,0.22,37.0,2.04
WOVEN,42,0,54,4,0,0,0,0,42,0,0,0,0,0,0,6.162,0.2,50.0,1.556
WOVEN,75,0,36,6,0,0,0,0,58,0,0,0,0,0,0,11.717,0.3,50.0,0.486
WOVEN,93,100,0,0,0,0,0,0,0,0,0,0,0,0,0,19.141,0.33,25.0,2.04
WOVEN,NC 210D OXFORD SD,0,48,0,0,0,0,0,52,0,0,0,0,0,0,19.141,0.46,52.5,2.04
WOVEN,FD POSLAN,100,0,0,0,0,0,0,0,0,0,0,0,0,0,12.475,0.27,57.5,2.04
WOVEN,SUPPLEX PU,0,100,0,0,0,0,0,0,0,0,0,0,0,0,10.505,0.25,44.0,2.04
KNIT,AMS-7048,96,0,4,0,0,0,0,0,0,0,0,0,0,0,27.475,0.85,131.5,2.04
KNIT,AMS-7048A,97,0,3,0,0,0,0,0,0,0,0,0,0,0,30,0.92,106.0,2.04
KNIT,AMS-7048S,97,0,3,0,0,0,0,0,0,0,0,0,0,0,30.606,1.02,118.0,2.04
KNIT,AMS-8189,91,0,9,0,0,0,0,0,0,0,0,0,0,0,28.434,1.18,140.0,0.887
KNIT,F9398,0,95,5,0,0,0,0,0,0,0,0,0,0,0,29.646,1.18,140.0,0.841
KNIT,ST-170060,100,0,0,0,0,0,0,0,0,0,0,0,0,0,30.758,1.05,58.5,2.04
WOVEN,SB-CN30 BRT,0,100,0,0,0,0,0,0,0,0,0,0,0,0,5,0.15,55.0,2.04
WOVEN,SB-FB 400,0,100,0,0,0,0,0,0,0,0,0,0,0,0,3.737,0.12,60.0,0.914
WOVEN,SB-HK S105S,0,100,0,0,0,0,0,0,0,0,0,0,0,0,4.899,0.11,53.5,2.04
WOVEN,SB-H7013,0,91,9,0,0,0,0,0,0,0,0,0,0,0,6.717,0.2,60.0,0.326
WOVEN,SB-I2080 R/S Tpu,13,87,0,0,0,0,0,0,0,0,0,0,0,0,7.172,0.2,48.5,2.04
WOVEN,SB-P30 STELLA,100,0,0,0,0,0,0,0,0,0,0,0,0,0,5.505,0.18,60.0,1.131
WOVEN,SB-SAM RIS,0,100,0,0,0,0,0,0,0,0,0,0,0,0,4.343,0.12,60.0,1.678
WOVEN,SB-SH 1992,0,100,0,0,0,0,0,0,0,0,0,0,0,0,2.576,0.05,60.0,0.764
WOVEN,SB-UQ75FD,100,0,0,0,0,0,0,0,0,0,0,0,0,0,11.061,0.35,60.0,0.434
WOVEN,SB-YF 25,0,100,0,0,0,0,0,0,0,0,0,0,0,0,3.788,0.08,57.0,2.04
WOVEN,NC 30's 1/3 TWILL FD-3,0,45,0,0,0,0,0,55,0,0,0,0,0,0,13.586,0.29,47.5,2.04
WOVEN,NEW 2045 TASLAN,0,100,0,0,0,0,0,0,0,0,0,0,0,0,6.061,0.17,39.5,2.04
WOVEN,A44PL,0,100,0,0,0,0,0,0,0,0,0,0,0,0,5.909,0.19,60.0,0.907
WOVEN,H4410,100,0,0,0,0,0,0,0,0,0,0,0,0,0,9.646,0.31,60.0,0.316
WOVEN,NA5005,0,90,10,0,0,0,0,0,0,0,0,0,0,0,11.768,0.36,60.0,0.314
WOVEN,FD 410T,0,100,0,0,0,0,0,0,0,0,0,0,0,0,3.737,0.08,55.0,2.04
WOVEN,R1602 DP,34,66,0,0,0,0,0,0,0,0,0,0,0,0,5.202,0.1,49.5,2.04
KNIT,AMS-8794,0,90,10,0,0,0,0,0,0,0,0,0,0,0,20.859,0.53,145.0,2.04
KNIT,SFY392,43,49,8,0,0,0,0,0,0,0,0,0,0,0,21.364,0.79,105.0,2.04
WOVEN,NC 20 PLAIN,0,29,0,0,0,0,0,71,0,0,0,0,0,0,11.818,0.28,49.5,2.04
